Genotype,DAP,Replicaiton,Ala,Arg,Asx,Glx,Gly,His,Ile,Leu,Lys,Met,Phe,Pro,Ser,Thr,Tyr,Val
B73,10,1,168.34,26.01,147.24,118.77,185.03,25.52,52.02,65.28,49.08,26.01,25.52,93.25,82.45,68.71,14.23,61.35
B73,10,2,182.93,25.85,144.39,120.00,180.98,24.88,53.17,64.39,48.78,24.39,26.34,92.20,80.98,66.83,12.68,61.95
B73,10,3,190.85,26.14,131.24,120.78,191.90,27.71,49.15,61.18,50.72,24.05,26.67,88.37,84.18,65.36,14.12,58.56
B73,14,1,120.34,20.06,82.96,89.34,155.44,25.53,30.54,41.48,40.57,14.13,20.97,59.26,53.33,39.66,9.57,36.92
B73,14,2,140.35,23.86,94.04,89.82,172.63,24.80,48.19,66.90,44.91,18.71,25.26,56.61,65.96,50.06,13.57,50.53
B73,14,3,130.87,22.70,87.00,74.14,137.30,19.29,49.93,73.38,38.20,17.78,21.18,48.42,65.44,51.44,13.24,50.69
B73,18,1,126.78,23.86,84.21,85.15,161.87,24.33,58.95,94.97,43.51,18.71,26.20,60.82,66.43,50.53,17.31,51.46
B73,18,2,116.69,24.97,81.53,93.25,171.21,27.01,61.66,101.91,44.84,20.89,28.03,66.24,68.28,53.50,15.29,51.46
B73,18,3,114.58,23.74,74.32,88.26,160.52,27.87,54.19,90.32,43.35,17.03,27.87,59.87,60.90,46.45,13.94,46.97
B73,22,1,153.83,24.68,89.04,95.21,163.53,21.60,71.85,132.67,40.99,21.60,25.56,78.02,71.85,59.94,18.95,59.06
B73,22,2,135.80,20.23,80.90,82.35,132.91,16.98,69.71,123.88,33.95,22.39,21.31,68.98,65.73,56.70,16.98,53.09
B73,22,3,128.52,21.99,78.92,87.55,150.51,21.99,62.10,116.87,39.25,18.98,24.58,69.43,62.96,50.46,15.96,51.32
B73,26,1,135.53,23.53,85.18,93.18,162.82,24.47,60.71,106.82,38.59,17.88,26.35,66.35,62.59,50.82,16.47,49.41
B73,26,2,144.78,26.28,94.06,102.36,165.07,22.59,75.16,136.48,41.50,24.44,26.74,82.54,79.77,60.86,19.37,60.86
B73,26,3,199.47,29.47,107.89,117.37,193.68,26.32,95.79,168.42,45.79,25.26,31.05,96.32,87.37,74.21,24.21,69.47
B73,30,1,167.27,28.05,89.35,107.01,183.38,26.49,78.96,148.57,42.60,20.26,29.61,84.16,75.84,63.90,20.78,60.78
B73,30,2,143.66,25.13,80.42,88.38,148.27,20.52,71.62,121.88,38.53,20.94,23.87,68.27,69.53,55.71,20.10,56.13
B73,30,3,154.41,23.41,85.94,92.23,134.15,16.07,79.30,134.50,33.19,22.36,20.96,77.21,70.92,60.44,17.12,57.64
B73,34,1,152.92,29.58,91.67,105.00,155.42,19.17,92.08,160.83,39.58,21.67,24.58,86.67,82.92,66.67,22.08,65.00
B73,34,2,156.20,24.88,95.72,92.96,130.97,14.51,90.54,154.82,33.52,23.84,21.08,88.12,79.14,67.04,23.50,61.51
B73,34,3,140.33,24.92,81.31,96.17,161.31,20.98,78.25,138.58,37.16,21.42,25.79,78.25,77.38,60.33,19.23,54.64
B73,38,1,125.20,23.95,69.15,98.53,156.38,22.60,73.22,141.02,23.05,15.82,25.76,78.64,65.99,49.27,18.08,48.81
B73,38,2,163.58,31.14,92.71,100.58,134.23,15.75,99.87,172.17,35.08,23.98,21.83,105.23,89.84,72.66,26.13,67.65
B73,38,3,188.39,30.20,101.86,116.28,170.37,20.73,103.21,178.93,42.37,24.79,27.49,103.21,91.04,70.76,24.79,71.66
B73,42,1,129.85,27.74,77.99,87.24,143.12,18.89,73.97,125.03,37.39,17.69,23.72,75.98,73.97,58.29,17.29,56.28
B73,42,2,162.89,26.73,84.15,94.99,135.44,15.89,96.43,167.58,34.67,23.12,22.03,104.74,82.71,71.87,21.67,65.37
B73,42,3,144.24,27.22,76.42,97.43,170.99,23.40,79.28,144.24,39.16,17.67,27.22,86.93,74.03,57.79,20.06,57.31
B73,46,1,156.44,28.15,99.78,99.06,136.48,14.97,101.56,172.12,35.99,30.65,22.09,106.19,88.37,79.47,30.65,72.34
B73,46,2,151.30,30.26,84.56,100.31,155.03,19.07,96.58,171.61,38.13,19.48,24.87,94.92,84.56,66.32,24.87,64.25
B73,46,3,158.28,29.17,87.08,103.38,153.14,20.16,90.51,159.57,40.32,22.31,25.31,103.38,86.65,68.63,25.74,63.91
o2,10,1,140.24,24.02,146.83,100.73,144.89,18.98,48.43,63.54,40.29,26.34,21.31,124.36,70.12,66.25,10.07,56.56
o2,10,2,163.06,26.23,151.69,107.10,160.44,21.42,53.77,66.89,45.03,27.54,24.04,132.02,70.82,67.32,11.37,60.33
o2,10,3,167.40,25.09,144.78,104.47,153.83,20.57,51.41,67.04,42.78,26.74,22.62,155.06,74.04,65.40,12.75,60.87
o2,14,1,129.97,25.81,111.67,94.78,165.16,24.40,53.02,72.73,45.98,23.46,25.81,70.38,69.91,59.59,13.61,57.71
o2,14,2,136.00,22.61,101.57,85.22,130.43,17.04,54.96,73.04,36.17,22.96,19.83,67.13,66.09,58.43,12.52,57.04
o2,14,3,155.94,27.04,113.58,107.72,160.45,22.99,60.85,84.73,46.42,26.14,25.24,74.82,73.46,65.35,13.07,62.20
o2,18,1,128.65,26.46,119.29,100.56,147.38,19.95,60.66,87.53,41.53,25.24,23.21,67.58,68.80,65.55,15.47,61.88
o2,18,2,124.55,27.06,91.43,98.89,162.80,24.26,51.78,76.50,44.31,20.06,24.72,63.91,61.11,52.71,13.06,53.18
o2,18,3,112.64,23.04,83.63,89.17,147.63,22.19,47.79,72.96,39.68,18.35,23.47,56.75,53.33,46.08,12.80,47.79
o2,22,1,130.22,21.92,91.94,74.60,121.06,15.38,54.31,79.18,33.37,20.94,18.98,58.57,62.82,55.30,11.12,53.66
o2,22,2,120.99,21.31,99.32,94.63,134.72,17.70,46.59,68.62,36.12,23.48,20.23,54.18,61.04,55.62,10.84,52.01
o2,22,3,135.89,28.05,110.90,99.07,152.55,21.48,56.55,85.48,43.40,21.92,24.11,67.95,72.33,61.37,14.90,59.18
o2,26,1,127.91,25.67,113.37,97.54,155.29,20.96,54.76,86.84,41.50,21.39,23.96,68.45,66.31,61.60,15.83,56.90
o2,26,2,131.52,25.48,106.42,87.68,134.89,17.99,54.33,85.43,37.85,20.61,21.36,64.45,65.57,59.20,14.24,55.08
o2,26,3,121.15,24.23,99.43,87.73,140.78,20.89,50.13,76.45,40.10,18.80,22.56,58.49,61.83,51.80,11.70,50.55
o2,30,1,174.95,28.41,102.18,89.22,168.97,24.92,50.34,74.77,47.35,19.94,26.92,75.76,71.28,55.33,15.95,56.32
o2,30,2,158.81,25.68,115.75,97.19,142.22,17.78,58.07,86.12,39.51,21.73,22.52,65.98,66.37,61.63,14.22,59.65
o2,30,3,236.03,33.12,136.21,97.03,169.33,22.39,64.37,90.50,47.58,24.72,25.66,76.03,82.10,73.70,17.26,70.44
o2,34,1,135.95,26.99,93.74,95.71,164.91,24.05,54.97,91.29,43.19,18.65,26.01,69.69,64.29,52.52,13.25,53.01
o2,34,2,145.49,24.06,90.50,79.05,134.42,18.33,58.42,92.41,37.04,19.47,21.77,67.59,63.01,51.55,13.75,51.93
o2,34,3,179.22,30.27,98.98,98.02,168.65,22.58,71.59,126.85,45.17,23.54,26.91,86.97,78.32,67.75,17.78,65.83
o2,38,1,140.84,33.53,98.68,91.02,166.71,22.99,57.01,92.93,45.51,18.20,26.83,68.50,67.54,55.57,14.85,57.96
o2,38,2,121.90,30.48,100.95,83.33,161.43,22.38,58.57,90.95,44.76,17.14,26.19,70.95,67.14,54.76,15.24,57.62
o2,38,3,176.70,32.93,132.17,94.61,164.64,21.80,67.25,97.86,46.84,19.01,25.97,76.99,72.81,67.25,16.70,70.03
o2,42,1,172.66,33.92,124.05,109.37,177.72,22.78,71.39,106.84,50.13,22.28,28.86,79.49,73.92,69.37,18.73,73.92
o2,42,2,148.57,30.77,122.64,88.35,157.80,18.90,71.65,104.62,43.96,21.54,25.05,76.92,74.73,65.93,17.14,70.33
o2,42,3,133.80,30.41,98.71,93.10,167.49,22.46,60.82,91.70,45.85,19.18,25.73,71.58,66.90,60.82,14.97,62.22
o2,46,1,136.99,37.65,110.33,101.96,172.03,25.10,69.02,107.19,50.20,16.73,29.80,80.00,78.95,70.59,17.25,67.97
o2,46,2,116.70,34.19,110.77,85.24,157.72,20.97,61.08,89.34,46.04,17.32,24.62,67.46,70.20,61.99,15.04,64.27
o2,46,3,120.45,34.61,116.40,82.25,157.30,20.67,61.12,90.34,44.94,16.63,25.17,70.11,73.26,65.62,15.28,63.82
